{
    "$schema": "https://schema.management.azure.com/schemas/2019-04-01/deploymentTemplate.json#",
    "contentVersion": "1.0.0.0",
    "parameters": {
        "virtualMachines_vm1_name": {
            "defaultValue": "vm1",
            "type": "String"
        },
        "virtualMachines_vm2_name": {
            "defaultValue": "vm2",
            "type": "String"
        },
        "virtualMachines_dnsvm_name": {
            "defaultValue": "dnsvm",
            "type": "String"
        },
        "dnsResolvers_resolver_name": {
            "defaultValue": "resolver",
            "type": "String"
        },
        "virtualNetworks_vnet1_name": {
            "defaultValue": "vnet1",
            "type": "String"
        },
        "virtualNetworks_vnet2_name": {
            "defaultValue": "vnet2",
            "type": "String"
        },
        "virtualNetworks_dnsvnet_name": {
            "defaultValue": "dnsvnet",
            "type": "String"
        },
        "bastionHosts_dns_bastion_name": {
            "defaultValue": "dns-bastion",
            "type": "String"
        },
        "networkInterfaces_vm1114_name": {
            "defaultValue": "vm1114",
            "type": "String"
        },
        "networkInterfaces_vm2726_name": {
            "defaultValue": "vm2726",
            "type": "String"
        },
        "networkInterfaces_dnsvm66_name": {
            "defaultValue": "dnsvm66",
            "type": "String"
        },
        "publicIPAddresses_dnsvm_ip_name": {
            "defaultValue": "dnsvm-ip",
            "type": "String"
        },
        "virtualNetworks_bastionvnet_name": {
            "defaultValue": "bastionvnet",
            "type": "String"
        },
        "dnsForwardingRulesets_ruleset1_name": {
            "defaultValue": "ruleset1",
            "type": "String"
        },
        "publicIPAddresses_bastiondns_ip_name": {
            "defaultValue": "bastiondns-ip",
            "type": "String"
        },
        "publicIPAddresses_bastionvnet_ip_name": {
            "defaultValue": "bastionvnet-ip",
            "type": "String"
        },
        "networkSecurityGroups_vnet1_subnet1_nsg_uksouth_name": {
            "defaultValue": "vnet1-subnet1-nsg-uksouth",
            "type": "String"
        },
        "networkSecurityGroups_vnet2_subnet1_nsg_uksouth_name": {
            "defaultValue": "vnet2-subnet1-nsg-uksouth",
            "type": "String"
        },
        "networkSecurityGroups_dnsvnet_vmsubnet_nsg_uksouth_name": {
            "defaultValue": "dnsvnet-vmsubnet-nsg-uksouth",
            "type": "String"
        },
        "networkSecurityGroups_bastionvnet_default_nsg_uksouth_name": {
            "defaultValue": "bastionvnet-default-nsg-uksouth",
            "type": "String"
        },
        "networkSecurityGroups_dnsvnet_dnsinboundsubnet_nsg_uksouth_name": {
            "defaultValue": "dnsvnet-dnsinboundsubnet-nsg-uksouth",
            "type": "String"
        },
        "networkSecurityGroups_dnsvnet_dsnoutboundsubnet_nsg_uksouth_name": {
            "defaultValue": "dnsvnet-dsnoutboundsubnet-nsg-uksouth",
            "type": "String"
        },
        "networkSecurityGroups_dnsvnet_AzureBastionSubnet_nsg_uksouth_name": {
            "defaultValue": "dnsvnet-AzureBastionSubnet-nsg-uksouth",
            "type": "String"
        },
        "networkSecurityGroups_bastionvnet_AzureBastionSubnet_nsg_uksouth_name": {
            "defaultValue": "bastionvnet-AzureBastionSubnet-nsg-uksouth",
            "type": "String"
        },
        "galleries_mddimagegallery_externalid": {
            "defaultValue": "/subscriptions/0245be41-c89b-4b46-a3cc-a705c90cd1e8/resourceGroups/image-gallery-rg/providers/Microsoft.Compute/galleries/mddimagegallery",
            "type": "String"
        }
    },
    "variables": {},
    "resources": [
        {
            "type": "Microsoft.Network/networkSecurityGroups",
            "apiVersion": "2020-11-01",
            "name": "[parameters('networkSecurityGroups_bastionvnet_AzureBastionSubnet_nsg_uksouth_name')]",
            "location": "uksouth",
            "properties": {
                "securityRules": [
                    {
                        "name": "AllowGatewayManager",
                        "properties": {
                            "description": "Allow GatewayManager",
                            "protocol": "*",
                            "sourcePortRange": "*",
                            "destinationPortRange": "443",
                            "sourceAddressPrefix": "GatewayManager",
                            "destinationAddressPrefix": "*",
                            "access": "Allow",
                            "priority": 2702,
                            "direction": "Inbound",
                            "sourcePortRanges": [],
                            "destinationPortRanges": [],
                            "sourceAddressPrefixes": [],
                            "destinationAddressPrefixes": []
                        }
                    },
                    {
                        "name": "AllowHttpsInBound",
                        "properties": {
                            "description": "Allow HTTPs",
                            "protocol": "*",
                            "sourcePortRange": "*",
                            "destinationPortRange": "443",
                            "sourceAddressPrefix": "Internet",
                            "destinationAddressPrefix": "*",
                            "access": "Allow",
                            "priority": 2703,
                            "direction": "Inbound",
                            "sourcePortRanges": [],
                            "destinationPortRanges": [],
                            "sourceAddressPrefixes": [],
                            "destinationAddressPrefixes": []
                        }
                    },
                    {
                        "name": "AllowSshRdpOutbound",
                        "properties": {
                            "protocol": "*",
                            "sourcePortRange": "*",
                            "sourceAddressPrefix": "*",
                            "destinationAddressPrefix": "VirtualNetwork",
                            "access": "Allow",
                            "priority": 100,
                            "direction": "Outbound",
                            "sourcePortRanges": [],
                            "destinationPortRanges": [
                                "22",
                                "3389"
                            ],
                            "sourceAddressPrefixes": [],
                            "destinationAddressPrefixes": []
                        }
                    },
                    {
                        "name": "AllowAzureCloudOutbound",
                        "properties": {
                            "protocol": "TCP",
                            "sourcePortRange": "*",
                            "destinationPortRange": "443",
                            "sourceAddressPrefix": "*",
                            "destinationAddressPrefix": "AzureCloud",
                            "access": "Allow",
                            "priority": 110,
                            "direction": "Outbound",
                            "sourcePortRanges": [],
                            "destinationPortRanges": [],
                            "sourceAddressPrefixes": [],
                            "destinationAddressPrefixes": []
                        }
                    }
                ]
            }
        },
        {
            "type": "Microsoft.Network/networkSecurityGroups",
            "apiVersion": "2020-11-01",
            "name": "[parameters('networkSecurityGroups_bastionvnet_default_nsg_uksouth_name')]",
            "location": "uksouth",
            "properties": {
                "securityRules": []
            }
        },
        {
            "type": "Microsoft.Network/networkSecurityGroups",
            "apiVersion": "2020-11-01",
            "name": "[parameters('networkSecurityGroups_dnsvnet_AzureBastionSubnet_nsg_uksouth_name')]",
            "location": "uksouth",
            "properties": {
                "securityRules": [
                    {
                        "name": "AllowGatewayManager",
                        "properties": {
                            "description": "Allow GatewayManager",
                            "protocol": "*",
                            "sourcePortRange": "*",
                            "destinationPortRange": "443",
                            "sourceAddressPrefix": "GatewayManager",
                            "destinationAddressPrefix": "*",
                            "access": "Allow",
                            "priority": 2702,
                            "direction": "Inbound",
                            "sourcePortRanges": [],
                            "destinationPortRanges": [],
                            "sourceAddressPrefixes": [],
                            "destinationAddressPrefixes": []
                        }
                    },
                    {
                        "name": "AllowHttpsInBound",
                        "properties": {
                            "description": "Allow HTTPs",
                            "protocol": "*",
                            "sourcePortRange": "*",
                            "destinationPortRange": "443",
                            "sourceAddressPrefix": "Internet",
                            "destinationAddressPrefix": "*",
                            "access": "Allow",
                            "priority": 2703,
                            "direction": "Inbound",
                            "sourcePortRanges": [],
                            "destinationPortRanges": [],
                            "sourceAddressPrefixes": [],
                            "destinationAddressPrefixes": []
                        }
                    },
                    {
                        "name": "AllowSshRdpOutbound",
                        "properties": {
                            "protocol": "*",
                            "sourcePortRange": "*",
                            "sourceAddressPrefix": "*",
                            "destinationAddressPrefix": "VirtualNetwork",
                            "access": "Allow",
                            "priority": 100,
                            "direction": "Outbound",
                            "sourcePortRanges": [],
                            "destinationPortRanges": [
                                "22",
                                "3389"
                            ],
                            "sourceAddressPrefixes": [],
                            "destinationAddressPrefixes": []
                        }
                    },
                    {
                        "name": "AllowAzureCloudOutbound",
                        "properties": {
                            "protocol": "TCP",
                            "sourcePortRange": "*",
                            "destinationPortRange": "443",
                            "sourceAddressPrefix": "*",
                            "destinationAddressPrefix": "AzureCloud",
                            "access": "Allow",
                            "priority": 110,
                            "direction": "Outbound",
                            "sourcePortRanges": [],
                            "destinationPortRanges": [],
                            "sourceAddressPrefixes": [],
                            "destinationAddressPrefixes": []
                        }
                    }
                ]
            }
        },
        {
            "type": "Microsoft.Network/networkSecurityGroups",
            "apiVersion": "2020-11-01",
            "name": "[parameters('networkSecurityGroups_dnsvnet_dnsinboundsubnet_nsg_uksouth_name')]",
            "location": "uksouth",
            "properties": {
                "securityRules": []
            }
        },
        {
            "type": "Microsoft.Network/networkSecurityGroups",
            "apiVersion": "2020-11-01",
            "name": "[parameters('networkSecurityGroups_dnsvnet_dsnoutboundsubnet_nsg_uksouth_name')]",
            "location": "uksouth",
            "properties": {
                "securityRules": []
            }
        },
        {
            "type": "Microsoft.Network/networkSecurityGroups",
            "apiVersion": "2020-11-01",
            "name": "[parameters('networkSecurityGroups_dnsvnet_vmsubnet_nsg_uksouth_name')]",
            "location": "uksouth",
            "properties": {
                "securityRules": []
            }
        },
        {
            "type": "Microsoft.Network/networkSecurityGroups",
            "apiVersion": "2020-11-01",
            "name": "[parameters('networkSecurityGroups_vnet1_subnet1_nsg_uksouth_name')]",
            "location": "uksouth",
            "properties": {
                "securityRules": []
            }
        },
        {
            "type": "Microsoft.Network/networkSecurityGroups",
            "apiVersion": "2020-11-01",
            "name": "[parameters('networkSecurityGroups_vnet2_subnet1_nsg_uksouth_name')]",
            "location": "uksouth",
            "properties": {
                "securityRules": []
            }
        },
        {
            "type": "Microsoft.Network/publicIPAddresses",
            "apiVersion": "2020-11-01",
            "name": "[parameters('publicIPAddresses_bastiondns_ip_name')]",
            "location": "uksouth",
            "sku": {
                "name": "Standard",
                "tier": "Regional"
            },
            "properties": {
                "ipAddress": "20.254.43.91",
                "publicIPAddressVersion": "IPv4",
                "publicIPAllocationMethod": "Static",
                "idleTimeoutInMinutes": 4,
                "ipTags": []
            }
        },
        {
            "type": "Microsoft.Network/publicIPAddresses",
            "apiVersion": "2020-11-01",
            "name": "[parameters('publicIPAddresses_bastionvnet_ip_name')]",
            "location": "uksouth",
            "sku": {
                "name": "Standard",
                "tier": "Regional"
            },
            "properties": {
                "ipAddress": "20.0.37.244",
                "publicIPAddressVersion": "IPv4",
                "publicIPAllocationMethod": "Static",
                "idleTimeoutInMinutes": 4,
                "ipTags": []
            }
        },
        {
            "type": "Microsoft.Network/publicIPAddresses",
            "apiVersion": "2020-11-01",
            "name": "[parameters('publicIPAddresses_dnsvm_ip_name')]",
            "location": "uksouth",
            "sku": {
                "name": "Standard",
                "tier": "Regional"
            },
            "properties": {
                "ipAddress": "20.254.46.196",
                "publicIPAddressVersion": "IPv4",
                "publicIPAllocationMethod": "Static",
                "idleTimeoutInMinutes": 4,
                "ipTags": []
            }
        },
        {
            "type": "Microsoft.Compute/virtualMachines",
            "apiVersion": "2022-03-01",
            "name": "[parameters('virtualMachines_dnsvm_name')]",
            "location": "uksouth",
            "dependsOn": [
                "[resourceId('Microsoft.Network/networkInterfaces', parameters('networkInterfaces_dnsvm66_name'))]"
            ],
            "properties": {
                "hardwareProfile": {
                    "vmSize": "Standard_D2s_v3"
                },
                "storageProfile": {
                    "imageReference": {
                        "id": "[concat(parameters('galleries_mddimagegallery_externalid'), '/images/windows2022-networktools')]"
                    },
                    "osDisk": {
                        "osType": "Windows",
                        "name": "[concat(parameters('virtualMachines_dnsvm_name'), '_OsDisk_1_6e49be265cd64fea97f54401c44e3e4f')]",
                        "createOption": "FromImage",
                        "caching": "None",
                        "managedDisk": {
                            "id": "[resourceId('Microsoft.Compute/disks', concat(parameters('virtualMachines_dnsvm_name'), '_OsDisk_1_6e49be265cd64fea97f54401c44e3e4f'))]"
                        },
                        "deleteOption": "Delete"
                    },
                    "dataDisks": []
                },
                "osProfile": {
                    "computerName": "[parameters('virtualMachines_dnsvm_name')]",
                    "adminUsername": "marc",
                    "windowsConfiguration": {
                        "provisionVMAgent": true,
                        "enableAutomaticUpdates": true,
                        "patchSettings": {
                            "patchMode": "AutomaticByOS",
                            "assessmentMode": "ImageDefault",
                            "enableHotpatching": false
                        }
                    },
                    "secrets": [],
                    "allowExtensionOperations": true,
                    "requireGuestProvisionSignal": true
                },
                "networkProfile": {
                    "networkInterfaces": [
                        {
                            "id": "[resourceId('Microsoft.Network/networkInterfaces', parameters('networkInterfaces_dnsvm66_name'))]",
                            "properties": {
                                "deleteOption": "Delete"
                            }
                        }
                    ]
                },
                "diagnosticsProfile": {
                    "bootDiagnostics": {
                        "enabled": true
                    }
                }
            }
        },
        {
            "type": "Microsoft.Compute/virtualMachines",
            "apiVersion": "2022-03-01",
            "name": "[parameters('virtualMachines_vm1_name')]",
            "location": "uksouth",
            "dependsOn": [
                "[resourceId('Microsoft.Network/networkInterfaces', parameters('networkInterfaces_vm1114_name'))]"
            ],
            "properties": {
                "hardwareProfile": {
                    "vmSize": "Standard_D2s_v3"
                },
                "storageProfile": {
                    "imageReference": {
                        "id": "[concat(parameters('galleries_mddimagegallery_externalid'), '/images/windows2022-networktools/versions/3.0.0')]"
                    },
                    "osDisk": {
                        "osType": "Windows",
                        "name": "[concat(parameters('virtualMachines_vm1_name'), '_OsDisk_1_bcbb155c900044eaa7d3ea1b0f20cb48')]",
                        "createOption": "FromImage",
                        "caching": "None",
                        "managedDisk": {
                            "id": "[resourceId('Microsoft.Compute/disks', concat(parameters('virtualMachines_vm1_name'), '_OsDisk_1_bcbb155c900044eaa7d3ea1b0f20cb48'))]"
                        },
                        "deleteOption": "Delete"
                    },
                    "dataDisks": []
                },
                "osProfile": {
                    "computerName": "[parameters('virtualMachines_vm1_name')]",
                    "adminUsername": "marc",
                    "windowsConfiguration": {
                        "provisionVMAgent": true,
                        "enableAutomaticUpdates": true,
                        "patchSettings": {
                            "patchMode": "AutomaticByOS",
                            "assessmentMode": "ImageDefault",
                            "enableHotpatching": false
                        }
                    },
                    "secrets": [],
                    "allowExtensionOperations": true,
                    "requireGuestProvisionSignal": true
                },
                "networkProfile": {
                    "networkInterfaces": [
                        {
                            "id": "[resourceId('Microsoft.Network/networkInterfaces', parameters('networkInterfaces_vm1114_name'))]",
                            "properties": {
                                "deleteOption": "Delete"
                            }
                        }
                    ]
                },
                "diagnosticsProfile": {
                    "bootDiagnostics": {
                        "enabled": true
                    }
                }
            }
        },
        {
            "type": "Microsoft.Compute/virtualMachines",
            "apiVersion": "2022-03-01",
            "name": "[parameters('virtualMachines_vm2_name')]",
            "location": "uksouth",
            "dependsOn": [
                "[resourceId('Microsoft.Network/networkInterfaces', parameters('networkInterfaces_vm2726_name'))]"
            ],
            "properties": {
                "hardwareProfile": {
                    "vmSize": "Standard_D2s_v3"
                },
                "storageProfile": {
                    "imageReference": {
                        "id": "[concat(parameters('galleries_mddimagegallery_externalid'), '/images/windows2022-networktools/versions/3.0.0')]"
                    },
                    "osDisk": {
                        "osType": "Windows",
                        "name": "[concat(parameters('virtualMachines_vm2_name'), '_OsDisk_1_1bfafbb8fd07479eb6399ac28e1d2808')]",
                        "createOption": "FromImage",
                        "caching": "None",
                        "managedDisk": {
                            "id": "[resourceId('Microsoft.Compute/disks', concat(parameters('virtualMachines_vm2_name'), '_OsDisk_1_1bfafbb8fd07479eb6399ac28e1d2808'))]"
                        },
                        "deleteOption": "Delete"
                    },
                    "dataDisks": []
                },
                "osProfile": {
                    "computerName": "[parameters('virtualMachines_vm2_name')]",
                    "adminUsername": "marc",
                    "windowsConfiguration": {
                        "provisionVMAgent": true,
                        "enableAutomaticUpdates": true,
                        "patchSettings": {
                            "patchMode": "AutomaticByOS",
                            "assessmentMode": "ImageDefault",
                            "enableHotpatching": false
                        }
                    },
                    "secrets": [],
                    "allowExtensionOperations": true,
                    "requireGuestProvisionSignal": true
                },
                "networkProfile": {
                    "networkInterfaces": [
                        {
                            "id": "[resourceId('Microsoft.Network/networkInterfaces', parameters('networkInterfaces_vm2726_name'))]",
                            "properties": {
                                "deleteOption": "Detach"
                            }
                        }
                    ]
                },
                "diagnosticsProfile": {
                    "bootDiagnostics": {
                        "enabled": true
                    }
                }
            }
        },
        {
            "type": "Microsoft.Network/dnsForwardingRulesets",
            "apiVersion": "2022-07-01",
            "name": "[parameters('dnsForwardingRulesets_ruleset1_name')]",
            "location": "uksouth",
            "dependsOn": [
                "[resourceId('Microsoft.Network/dnsResolvers/outboundEndpoints', parameters('dnsResolvers_resolver_name'), 'outbound1')]"
            ],
            "properties": {
                "dnsResolverOutboundEndpoints": [
                    {
                        "id": "[resourceId('Microsoft.Network/dnsResolvers/outboundEndpoints', parameters('dnsResolvers_resolver_name'), 'outbound1')]"
                    }
                ]
            }
        },
        {
            "type": "Microsoft.Network/dnsForwardingRulesets/forwardingRules",
            "apiVersion": "2022-07-01",
            "name": "[concat(parameters('dnsForwardingRulesets_ruleset1_name'), '/rule1')]",
            "dependsOn": [
                "[resourceId('Microsoft.Network/dnsForwardingRulesets', parameters('dnsForwardingRulesets_ruleset1_name'))]"
            ],
            "properties": {
                "domainName": "fwd.test.",
                "targetDnsServers": [
                    {
                        "ipAddress": "192.168.0.132",
                        "port": 53
                    }
                ],
                "forwardingRuleState": "Enabled"
            }
        },
        {
            "type": "Microsoft.Network/dnsResolvers",
            "apiVersion": "2022-07-01",
            "name": "[parameters('dnsResolvers_resolver_name')]",
            "location": "uksouth",
            "dependsOn": [
                "[resourceId('Microsoft.Network/virtualNetworks', parameters('virtualNetworks_dnsvnet_name'))]"
            ],
            "properties": {
                "virtualNetwork": {
                    "id": "[resourceId('Microsoft.Network/virtualNetworks', parameters('virtualNetworks_dnsvnet_name'))]"
                }
            }
        },
        {
            "type": "Microsoft.Network/networkInterfaces",
            "apiVersion": "2020-11-01",
            "name": "[parameters('networkInterfaces_dnsvm66_name')]",
            "location": "uksouth",
            "dependsOn": [
                "[resourceId('Microsoft.Network/virtualNetworks/subnets', parameters('virtualNetworks_dnsvnet_name'), 'vmsubnet')]"
            ],
            "properties": {
                "ipConfigurations": [
                    {
                        "name": "ipconfig1",
                        "properties": {
                            "privateIPAddress": "192.168.0.132",
                            "privateIPAllocationMethod": "Dynamic",
                            "subnet": {
                                "id": "[resourceId('Microsoft.Network/virtualNetworks/subnets', parameters('virtualNetworks_dnsvnet_name'), 'vmsubnet')]"
                            },
                            "primary": true,
                            "privateIPAddressVersion": "IPv4"
                        }
                    }
                ],
                "dnsSettings": {
                    "dnsServers": []
                },
                "enableAcceleratedNetworking": false,
                "enableIPForwarding": false
            }
        },
        {
            "type": "Microsoft.Network/networkInterfaces",
            "apiVersion": "2020-11-01",
            "name": "[parameters('networkInterfaces_vm1114_name')]",
            "location": "uksouth",
            "dependsOn": [
                "[resourceId('Microsoft.Network/virtualNetworks/subnets', parameters('virtualNetworks_vnet1_name'), 'subnet1')]"
            ],
            "properties": {
                "ipConfigurations": [
                    {
                        "name": "ipconfig1",
                        "properties": {
                            "privateIPAddress": "172.16.1.4",
                            "privateIPAllocationMethod": "Dynamic",
                            "subnet": {
                                "id": "[resourceId('Microsoft.Network/virtualNetworks/subnets', parameters('virtualNetworks_vnet1_name'), 'subnet1')]"
                            },
                            "primary": true,
                            "privateIPAddressVersion": "IPv4"
                        }
                    }
                ],
                "dnsSettings": {
                    "dnsServers": []
                },
                "enableAcceleratedNetworking": false,
                "enableIPForwarding": false
            }
        },
        {
            "type": "Microsoft.Network/networkInterfaces",
            "apiVersion": "2020-11-01",
            "name": "[parameters('networkInterfaces_vm2726_name')]",
            "location": "uksouth",
            "dependsOn": [
                "[resourceId('Microsoft.Network/virtualNetworks/subnets', parameters('virtualNetworks_vnet2_name'), 'subnet1')]"
            ],
            "properties": {
                "ipConfigurations": [
                    {
                        "name": "ipconfig1",
                        "properties": {
                            "privateIPAddress": "172.16.2.4",
                            "privateIPAllocationMethod": "Dynamic",
                            "subnet": {
                                "id": "[resourceId('Microsoft.Network/virtualNetworks/subnets', parameters('virtualNetworks_vnet2_name'), 'subnet1')]"
                            },
                            "primary": true,
                            "privateIPAddressVersion": "IPv4"
                        }
                    }
                ],
                "dnsSettings": {
                    "dnsServers": []
                },
                "enableAcceleratedNetworking": false,
                "enableIPForwarding": false
            }
        },
        {
            "type": "Microsoft.Network/networkSecurityGroups/securityRules",
            "apiVersion": "2020-11-01",
            "name": "[concat(parameters('networkSecurityGroups_bastionvnet_AzureBastionSubnet_nsg_uksouth_name'), '/AllowAzureCloudOutbound')]",
            "dependsOn": [
                "[resourceId('Microsoft.Network/networkSecurityGroups', parameters('networkSecurityGroups_bastionvnet_AzureBastionSubnet_nsg_uksouth_name'))]"
            ],
            "properties": {
                "protocol": "TCP",
                "sourcePortRange": "*",
                "destinationPortRange": "443",
                "sourceAddressPrefix": "*",
                "destinationAddressPrefix": "AzureCloud",
                "access": "Allow",
                "priority": 110,
                "direction": "Outbound",
                "sourcePortRanges": [],
                "destinationPortRanges": [],
                "sourceAddressPrefixes": [],
                "destinationAddressPrefixes": []
            }
        },
        {
            "type": "Microsoft.Network/networkSecurityGroups/securityRules",
            "apiVersion": "2020-11-01",
            "name": "[concat(parameters('networkSecurityGroups_dnsvnet_AzureBastionSubnet_nsg_uksouth_name'), '/AllowAzureCloudOutbound')]",
            "dependsOn": [
                "[resourceId('Microsoft.Network/networkSecurityGroups', parameters('networkSecurityGroups_dnsvnet_AzureBastionSubnet_nsg_uksouth_name'))]"
            ],
            "properties": {
                "protocol": "TCP",
                "sourcePortRange": "*",
                "destinationPortRange": "443",
                "sourceAddressPrefix": "*",
                "destinationAddressPrefix": "AzureCloud",
                "access": "Allow",
                "priority": 110,
                "direction": "Outbound",
                "sourcePortRanges": [],
                "destinationPortRanges": [],
                "sourceAddressPrefixes": [],
                "destinationAddressPrefixes": []
            }
        },
        {
            "type": "Microsoft.Network/networkSecurityGroups/securityRules",
            "apiVersion": "2020-11-01",
            "name": "[concat(parameters('networkSecurityGroups_bastionvnet_AzureBastionSubnet_nsg_uksouth_name'), '/AllowGatewayManager')]",
            "dependsOn": [
                "[resourceId('Microsoft.Network/networkSecurityGroups', parameters('networkSecurityGroups_bastionvnet_AzureBastionSubnet_nsg_uksouth_name'))]"
            ],
            "properties": {
                "description": "Allow GatewayManager",
                "protocol": "*",
                "sourcePortRange": "*",
                "destinationPortRange": "443",
                "sourceAddressPrefix": "GatewayManager",
                "destinationAddressPrefix": "*",
                "access": "Allow",
                "priority": 2702,
                "direction": "Inbound",
                "sourcePortRanges": [],
                "destinationPortRanges": [],
                "sourceAddressPrefixes": [],
                "destinationAddressPrefixes": []
            }
        },
        {
            "type": "Microsoft.Network/networkSecurityGroups/securityRules",
            "apiVersion": "2020-11-01",
            "name": "[concat(parameters('networkSecurityGroups_dnsvnet_AzureBastionSubnet_nsg_uksouth_name'), '/AllowGatewayManager')]",
            "dependsOn": [
                "[resourceId('Microsoft.Network/networkSecurityGroups', parameters('networkSecurityGroups_dnsvnet_AzureBastionSubnet_nsg_uksouth_name'))]"
            ],
            "properties": {
                "description": "Allow GatewayManager",
                "protocol": "*",
                "sourcePortRange": "*",
                "destinationPortRange": "443",
                "sourceAddressPrefix": "GatewayManager",
                "destinationAddressPrefix": "*",
                "access": "Allow",
                "priority": 2702,
                "direction": "Inbound",
                "sourcePortRanges": [],
                "destinationPortRanges": [],
                "sourceAddressPrefixes": [],
                "destinationAddressPrefixes": []
            }
        },
        {
            "type": "Microsoft.Network/networkSecurityGroups/securityRules",
            "apiVersion": "2020-11-01",
            "name": "[concat(parameters('networkSecurityGroups_bastionvnet_AzureBastionSubnet_nsg_uksouth_name'), '/AllowHttpsInBound')]",
            "dependsOn": [
                "[resourceId('Microsoft.Network/networkSecurityGroups', parameters('networkSecurityGroups_bastionvnet_AzureBastionSubnet_nsg_uksouth_name'))]"
            ],
            "properties": {
                "description": "Allow HTTPs",
                "protocol": "*",
                "sourcePortRange": "*",
                "destinationPortRange": "443",
                "sourceAddressPrefix": "Internet",
                "destinationAddressPrefix": "*",
                "access": "Allow",
                "priority": 2703,
                "direction": "Inbound",
                "sourcePortRanges": [],
                "destinationPortRanges": [],
                "sourceAddressPrefixes": [],
                "destinationAddressPrefixes": []
            }
        },
        {
            "type": "Microsoft.Network/networkSecurityGroups/securityRules",
            "apiVersion": "2020-11-01",
            "name": "[concat(parameters('networkSecurityGroups_dnsvnet_AzureBastionSubnet_nsg_uksouth_name'), '/AllowHttpsInBound')]",
            "dependsOn": [
                "[resourceId('Microsoft.Network/networkSecurityGroups', parameters('networkSecurityGroups_dnsvnet_AzureBastionSubnet_nsg_uksouth_name'))]"
            ],
            "properties": {
                "description": "Allow HTTPs",
                "protocol": "*",
                "sourcePortRange": "*",
                "destinationPortRange": "443",
                "sourceAddressPrefix": "Internet",
                "destinationAddressPrefix": "*",
                "access": "Allow",
                "priority": 2703,
                "direction": "Inbound",
                "sourcePortRanges": [],
                "destinationPortRanges": [],
                "sourceAddressPrefixes": [],
                "destinationAddressPrefixes": []
            }
        },
        {
            "type": "Microsoft.Network/networkSecurityGroups/securityRules",
            "apiVersion": "2020-11-01",
            "name": "[concat(parameters('networkSecurityGroups_bastionvnet_AzureBastionSubnet_nsg_uksouth_name'), '/AllowSshRdpOutbound')]",
            "dependsOn": [
                "[resourceId('Microsoft.Network/networkSecurityGroups', parameters('networkSecurityGroups_bastionvnet_AzureBastionSubnet_nsg_uksouth_name'))]"
            ],
            "properties": {
                "protocol": "*",
                "sourcePortRange": "*",
                "sourceAddressPrefix": "*",
                "destinationAddressPrefix": "VirtualNetwork",
                "access": "Allow",
                "priority": 100,
                "direction": "Outbound",
                "sourcePortRanges": [],
                "destinationPortRanges": [
                    "22",
                    "3389"
                ],
                "sourceAddressPrefixes": [],
                "destinationAddressPrefixes": []
            }
        },
        {
            "type": "Microsoft.Network/networkSecurityGroups/securityRules",
            "apiVersion": "2020-11-01",
            "name": "[concat(parameters('networkSecurityGroups_dnsvnet_AzureBastionSubnet_nsg_uksouth_name'), '/AllowSshRdpOutbound')]",
            "dependsOn": [
                "[resourceId('Microsoft.Network/networkSecurityGroups', parameters('networkSecurityGroups_dnsvnet_AzureBastionSubnet_nsg_uksouth_name'))]"
            ],
            "properties": {
                "protocol": "*",
                "sourcePortRange": "*",
                "sourceAddressPrefix": "*",
                "destinationAddressPrefix": "VirtualNetwork",
                "access": "Allow",
                "priority": 100,
                "direction": "Outbound",
                "sourcePortRanges": [],
                "destinationPortRanges": [
                    "22",
                    "3389"
                ],
                "sourceAddressPrefixes": [],
                "destinationAddressPrefixes": []
            }
        },
        {
            "type": "Microsoft.Network/bastionHosts",
            "apiVersion": "2020-11-01",
            "name": "[parameters('bastionHosts_dns_bastion_name')]",
            "location": "uksouth",
            "dependsOn": [
                "[resourceId('Microsoft.Network/publicIPAddresses', parameters('publicIPAddresses_bastionvnet_ip_name'))]",
                "[resourceId('Microsoft.Network/virtualNetworks/subnets', parameters('virtualNetworks_bastionvnet_name'), 'AzureBastionSubnet')]"
            ],
            "sku": {
                "name": "Standard"
            },
            "properties": {
                "dnsName": "bst-8648fde7-3bfa-44f8-8478-b78bc0346aae.bastion.azure.com",
                "ipConfigurations": [
                    {
                        "name": "IpConf",
                        "properties": {
                            "privateIPAllocationMethod": "Dynamic",
                            "publicIPAddress": {
                                "id": "[resourceId('Microsoft.Network/publicIPAddresses', parameters('publicIPAddresses_bastionvnet_ip_name'))]"
                            },
                            "subnet": {
                                "id": "[resourceId('Microsoft.Network/virtualNetworks/subnets', parameters('virtualNetworks_bastionvnet_name'), 'AzureBastionSubnet')]"
                            }
                        }
                    }
                ]
            }
        },
        {
            "type": "Microsoft.Network/dnsForwardingRulesets/virtualNetworkLinks",
            "apiVersion": "2022-07-01",
            "name": "[concat(parameters('dnsForwardingRulesets_ruleset1_name'), '/vnet1-link')]",
            "dependsOn": [
                "[resourceId('Microsoft.Network/dnsForwardingRulesets', parameters('dnsForwardingRulesets_ruleset1_name'))]",
                "[resourceId('Microsoft.Network/virtualNetworks', parameters('virtualNetworks_vnet1_name'))]"
            ],
            "properties": {
                "virtualNetwork": {
                    "id": "[resourceId('Microsoft.Network/virtualNetworks', parameters('virtualNetworks_vnet1_name'))]"
                }
            }
        },
        {
            "type": "Microsoft.Network/dnsForwardingRulesets/virtualNetworkLinks",
            "apiVersion": "2022-07-01",
            "name": "[concat(parameters('dnsForwardingRulesets_ruleset1_name'), '/vnet2-link')]",
            "dependsOn": [
                "[resourceId('Microsoft.Network/dnsForwardingRulesets', parameters('dnsForwardingRulesets_ruleset1_name'))]",
                "[resourceId('Microsoft.Network/virtualNetworks', parameters('virtualNetworks_vnet2_name'))]"
            ],
            "properties": {
                "virtualNetwork": {
                    "id": "[resourceId('Microsoft.Network/virtualNetworks', parameters('virtualNetworks_vnet2_name'))]"
                }
            }
        },
        {
            "type": "Microsoft.Network/dnsResolvers/inboundEndpoints",
            "apiVersion": "2022-07-01",
            "name": "[concat(parameters('dnsResolvers_resolver_name'), '/inbound1')]",
            "location": "uksouth",
            "dependsOn": [
                "[resourceId('Microsoft.Network/dnsResolvers', parameters('dnsResolvers_resolver_name'))]",
                "[resourceId('Microsoft.Network/virtualNetworks/subnets', parameters('virtualNetworks_dnsvnet_name'), 'dnsinboundsubnet')]"
            ],
            "properties": {
                "ipConfigurations": [
                    {
                        "subnet": {
                            "id": "[resourceId('Microsoft.Network/virtualNetworks/subnets', parameters('virtualNetworks_dnsvnet_name'), 'dnsinboundsubnet')]"
                        },
                        "privateIpAddress": "192.168.1.20",
                        "privateIpAllocationMethod": "Dynamic"
                    }
                ]
            }
        },
        {
            "type": "Microsoft.Network/dnsResolvers/outboundEndpoints",
            "apiVersion": "2022-07-01",
            "name": "[concat(parameters('dnsResolvers_resolver_name'), '/outbound1')]",
            "location": "uksouth",
            "dependsOn": [
                "[resourceId('Microsoft.Network/dnsResolvers', parameters('dnsResolvers_resolver_name'))]",
                "[resourceId('Microsoft.Network/virtualNetworks/subnets', parameters('virtualNetworks_dnsvnet_name'), 'dsnoutboundsubnet')]"
            ],
            "properties": {
                "subnet": {
                    "id": "[resourceId('Microsoft.Network/virtualNetworks/subnets', parameters('virtualNetworks_dnsvnet_name'), 'dsnoutboundsubnet')]"
                }
            }
        },
        {
            "type": "Microsoft.Network/virtualNetworks",
            "apiVersion": "2020-11-01",
            "name": "[parameters('virtualNetworks_vnet1_name')]",
            "location": "uksouth",
            "dependsOn": [
                "[resourceId('Microsoft.Network/networkSecurityGroups', parameters('networkSecurityGroups_vnet1_subnet1_nsg_uksouth_name'))]",
                "[resourceId('Microsoft.Network/virtualNetworks', parameters('virtualNetworks_bastionvnet_name'))]"
            ],
            "properties": {
                "addressSpace": {
                    "addressPrefixes": [
                        "172.16.1.0/24"
                    ]
                },
                "dhcpOptions": {
                    "dnsServers": []
                },
                "subnets": [
                    {
                        "name": "subnet1",
                        "properties": {
                            "addressPrefix": "172.16.1.0/24",
                            "networkSecurityGroup": {
                                "id": "[resourceId('Microsoft.Network/networkSecurityGroups', parameters('networkSecurityGroups_vnet1_subnet1_nsg_uksouth_name'))]"
                            },
                            "serviceEndpoints": [],
                            "delegations": [],
                            "privateEndpointNetworkPolicies": "Disabled",
                            "privateLinkServiceNetworkPolicies": "Enabled"
                        }
                    }
                ],
                "virtualNetworkPeerings": [
                    {
                        "name": "[concat('from', parameters('virtualNetworks_vnet1_name'))]",
                        "properties": {
                            "peeringState": "Connected",
                            "remoteVirtualNetwork": {
                                "id": "[resourceId('Microsoft.Network/virtualNetworks', parameters('virtualNetworks_bastionvnet_name'))]"
                            },
                            "allowVirtualNetworkAccess": true,
                            "allowForwardedTraffic": true,
                            "allowGatewayTransit": false,
                            "useRemoteGateways": false,
                            "remoteAddressSpace": {
                                "addressPrefixes": [
                                    "10.0.0.0/16"
                                ]
                            }
                        }
                    }
                ],
                "enableDdosProtection": false
            }
        },
        {
            "type": "Microsoft.Network/virtualNetworks",
            "apiVersion": "2020-11-01",
            "name": "[parameters('virtualNetworks_vnet2_name')]",
            "location": "uksouth",
            "dependsOn": [
                "[resourceId('Microsoft.Network/networkSecurityGroups', parameters('networkSecurityGroups_vnet2_subnet1_nsg_uksouth_name'))]",
                "[resourceId('Microsoft.Network/virtualNetworks', parameters('virtualNetworks_bastionvnet_name'))]"
            ],
            "properties": {
                "addressSpace": {
                    "addressPrefixes": [
                        "172.16.2.0/24"
                    ]
                },
                "dhcpOptions": {
                    "dnsServers": []
                },
                "subnets": [
                    {
                        "name": "subnet1",
                        "properties": {
                            "addressPrefix": "172.16.2.0/25",
                            "networkSecurityGroup": {
                                "id": "[resourceId('Microsoft.Network/networkSecurityGroups', parameters('networkSecurityGroups_vnet2_subnet1_nsg_uksouth_name'))]"
                            },
                            "serviceEndpoints": [],
                            "delegations": [],
                            "privateEndpointNetworkPolicies": "Disabled",
                            "privateLinkServiceNetworkPolicies": "Enabled"
                        }
                    }
                ],
                "virtualNetworkPeerings": [
                    {
                        "name": "[concat('from', parameters('virtualNetworks_vnet2_name'))]",
                        "properties": {
                            "peeringState": "Connected",
                            "remoteVirtualNetwork": {
                                "id": "[resourceId('Microsoft.Network/virtualNetworks', parameters('virtualNetworks_bastionvnet_name'))]"
                            },
                            "allowVirtualNetworkAccess": true,
                            "allowForwardedTraffic": true,
                            "allowGatewayTransit": false,
                            "useRemoteGateways": false,
                            "remoteAddressSpace": {
                                "addressPrefixes": [
                                    "10.0.0.0/16"
                                ]
                            }
                        }
                    }
                ],
                "enableDdosProtection": false
            }
        },
        {
            "type": "Microsoft.Network/virtualNetworks/subnets",
            "apiVersion": "2020-11-01",
            "name": "[concat(parameters('virtualNetworks_bastionvnet_name'), '/AzureBastionSubnet')]",
            "dependsOn": [
                "[resourceId('Microsoft.Network/virtualNetworks', parameters('virtualNetworks_bastionvnet_name'))]",
                "[resourceId('Microsoft.Network/networkSecurityGroups', parameters('networkSecurityGroups_bastionvnet_AzureBastionSubnet_nsg_uksouth_name'))]"
            ],
            "properties": {
                "addressPrefix": "10.0.1.0/24",
                "networkSecurityGroup": {
                    "id": "[resourceId('Microsoft.Network/networkSecurityGroups', parameters('networkSecurityGroups_bastionvnet_AzureBastionSubnet_nsg_uksouth_name'))]"
                },
                "serviceEndpoints": [],
                "delegations": [],
                "privateEndpointNetworkPolicies": "Disabled",
                "privateLinkServiceNetworkPolicies": "Enabled"
            }
        },
        {
            "type": "Microsoft.Network/virtualNetworks/subnets",
            "apiVersion": "2020-11-01",
            "name": "[concat(parameters('virtualNetworks_dnsvnet_name'), '/AzureBastionSubnet')]",
            "dependsOn": [
                "[resourceId('Microsoft.Network/virtualNetworks', parameters('virtualNetworks_dnsvnet_name'))]",
                "[resourceId('Microsoft.Network/networkSecurityGroups', parameters('networkSecurityGroups_dnsvnet_AzureBastionSubnet_nsg_uksouth_name'))]"
            ],
            "properties": {
                "addressPrefix": "192.168.1.64/26",
                "networkSecurityGroup": {
                    "id": "[resourceId('Microsoft.Network/networkSecurityGroups', parameters('networkSecurityGroups_dnsvnet_AzureBastionSubnet_nsg_uksouth_name'))]"
                },
                "serviceEndpoints": [],
                "delegations": [],
                "privateEndpointNetworkPolicies": "Disabled",
                "privateLinkServiceNetworkPolicies": "Enabled"
            }
        },
        {
            "type": "Microsoft.Network/virtualNetworks/subnets",
            "apiVersion": "2020-11-01",
            "name": "[concat(parameters('virtualNetworks_bastionvnet_name'), '/default')]",
            "dependsOn": [
                "[resourceId('Microsoft.Network/virtualNetworks', parameters('virtualNetworks_bastionvnet_name'))]",
                "[resourceId('Microsoft.Network/networkSecurityGroups', parameters('networkSecurityGroups_bastionvnet_default_nsg_uksouth_name'))]"
            ],
            "properties": {
                "addressPrefix": "10.0.0.0/24",
                "networkSecurityGroup": {
                    "id": "[resourceId('Microsoft.Network/networkSecurityGroups', parameters('networkSecurityGroups_bastionvnet_default_nsg_uksouth_name'))]"
                },
                "serviceEndpoints": [],
                "delegations": [],
                "privateEndpointNetworkPolicies": "Disabled",
                "privateLinkServiceNetworkPolicies": "Enabled"
            }
        },
        {
            "type": "Microsoft.Network/virtualNetworks/subnets",
            "apiVersion": "2020-11-01",
            "name": "[concat(parameters('virtualNetworks_dnsvnet_name'), '/dnsinboundsubnet')]",
            "dependsOn": [
                "[resourceId('Microsoft.Network/virtualNetworks', parameters('virtualNetworks_dnsvnet_name'))]",
                "[resourceId('Microsoft.Network/networkSecurityGroups', parameters('networkSecurityGroups_dnsvnet_dnsinboundsubnet_nsg_uksouth_name'))]"
            ],
            "properties": {
                "addressPrefix": "192.168.1.16/28",
                "networkSecurityGroup": {
                    "id": "[resourceId('Microsoft.Network/networkSecurityGroups', parameters('networkSecurityGroups_dnsvnet_dnsinboundsubnet_nsg_uksouth_name'))]"
                },
                "serviceEndpoints": [],
                "delegations": [
                    {
                        "name": "Microsoft.Network.dnsResolvers",
                        "properties": {
                            "serviceName": "Microsoft.Network/dnsResolvers"
                        }
                    }
                ],
                "privateEndpointNetworkPolicies": "Disabled",
                "privateLinkServiceNetworkPolicies": "Enabled"
            }
        },
        {
            "type": "Microsoft.Network/virtualNetworks/subnets",
            "apiVersion": "2020-11-01",
            "name": "[concat(parameters('virtualNetworks_dnsvnet_name'), '/dsnoutboundsubnet')]",
            "dependsOn": [
                "[resourceId('Microsoft.Network/virtualNetworks', parameters('virtualNetworks_dnsvnet_name'))]",
                "[resourceId('Microsoft.Network/networkSecurityGroups', parameters('networkSecurityGroups_dnsvnet_dsnoutboundsubnet_nsg_uksouth_name'))]"
            ],
            "properties": {
                "addressPrefix": "192.168.1.0/28",
                "networkSecurityGroup": {
                    "id": "[resourceId('Microsoft.Network/networkSecurityGroups', parameters('networkSecurityGroups_dnsvnet_dsnoutboundsubnet_nsg_uksouth_name'))]"
                },
                "serviceEndpoints": [],
                "delegations": [
                    {
                        "name": "Microsoft.Network.dnsResolvers",
                        "properties": {
                            "serviceName": "Microsoft.Network/dnsResolvers"
                        }
                    }
                ],
                "privateEndpointNetworkPolicies": "Disabled",
                "privateLinkServiceNetworkPolicies": "Enabled"
            }
        },
        {
            "type": "Microsoft.Network/virtualNetworks/subnets",
            "apiVersion": "2020-11-01",
            "name": "[concat(parameters('virtualNetworks_vnet1_name'), '/subnet1')]",
            "dependsOn": [
                "[resourceId('Microsoft.Network/virtualNetworks', parameters('virtualNetworks_vnet1_name'))]",
                "[resourceId('Microsoft.Network/networkSecurityGroups', parameters('networkSecurityGroups_vnet1_subnet1_nsg_uksouth_name'))]"
            ],
            "properties": {
                "addressPrefix": "172.16.1.0/24",
                "networkSecurityGroup": {
                    "id": "[resourceId('Microsoft.Network/networkSecurityGroups', parameters('networkSecurityGroups_vnet1_subnet1_nsg_uksouth_name'))]"
                },
                "serviceEndpoints": [],
                "delegations": [],
                "privateEndpointNetworkPolicies": "Disabled",
                "privateLinkServiceNetworkPolicies": "Enabled"
            }
        },
        {
            "type": "Microsoft.Network/virtualNetworks/subnets",
            "apiVersion": "2020-11-01",
            "name": "[concat(parameters('virtualNetworks_vnet2_name'), '/subnet1')]",
            "dependsOn": [
                "[resourceId('Microsoft.Network/virtualNetworks', parameters('virtualNetworks_vnet2_name'))]",
                "[resourceId('Microsoft.Network/networkSecurityGroups', parameters('networkSecurityGroups_vnet2_subnet1_nsg_uksouth_name'))]"
            ],
            "properties": {
                "addressPrefix": "172.16.2.0/25",
                "networkSecurityGroup": {
                    "id": "[resourceId('Microsoft.Network/networkSecurityGroups', parameters('networkSecurityGroups_vnet2_subnet1_nsg_uksouth_name'))]"
                },
                "serviceEndpoints": [],
                "delegations": [],
                "privateEndpointNetworkPolicies": "Disabled",
                "privateLinkServiceNetworkPolicies": "Enabled"
            }
        },
        {
            "type": "Microsoft.Network/virtualNetworks/subnets",
            "apiVersion": "2020-11-01",
            "name": "[concat(parameters('virtualNetworks_dnsvnet_name'), '/vmsubnet')]",
            "dependsOn": [
                "[resourceId('Microsoft.Network/virtualNetworks', parameters('virtualNetworks_dnsvnet_name'))]",
                "[resourceId('Microsoft.Network/networkSecurityGroups', parameters('networkSecurityGroups_dnsvnet_vmsubnet_nsg_uksouth_name'))]"
            ],
            "properties": {
                "addressPrefix": "192.168.0.128/25",
                "networkSecurityGroup": {
                    "id": "[resourceId('Microsoft.Network/networkSecurityGroups', parameters('networkSecurityGroups_dnsvnet_vmsubnet_nsg_uksouth_name'))]"
                },
                "serviceEndpoints": [],
                "delegations": [],
                "privateEndpointNetworkPolicies": "Disabled",
                "privateLinkServiceNetworkPolicies": "Enabled"
            }
        },
        {
            "type": "Microsoft.Network/virtualNetworks/virtualNetworkPeerings",
            "apiVersion": "2020-11-01",
            "name": "[concat(parameters('virtualNetworks_dnsvnet_name'), '/fromdns')]",
            "dependsOn": [
                "[resourceId('Microsoft.Network/virtualNetworks', parameters('virtualNetworks_dnsvnet_name'))]",
                "[resourceId('Microsoft.Network/virtualNetworks', parameters('virtualNetworks_bastionvnet_name'))]"
            ],
            "properties": {
                "peeringState": "Connected",
                "remoteVirtualNetwork": {
                    "id": "[resourceId('Microsoft.Network/virtualNetworks', parameters('virtualNetworks_bastionvnet_name'))]"
                },
                "allowVirtualNetworkAccess": true,
                "allowForwardedTraffic": true,
                "allowGatewayTransit": false,
                "useRemoteGateways": false,
                "remoteAddressSpace": {
                    "addressPrefixes": [
                        "10.0.0.0/16"
                    ]
                }
            }
        },
        {
            "type": "Microsoft.Network/virtualNetworks/virtualNetworkPeerings",
            "apiVersion": "2020-11-01",
            "name": "[concat(parameters('virtualNetworks_vnet1_name'), '/from', parameters('virtualNetworks_vnet1_name'))]",
            "dependsOn": [
                "[resourceId('Microsoft.Network/virtualNetworks', parameters('virtualNetworks_vnet1_name'))]",
                "[resourceId('Microsoft.Network/virtualNetworks', parameters('virtualNetworks_bastionvnet_name'))]"
            ],
            "properties": {
                "peeringState": "Connected",
                "remoteVirtualNetwork": {
                    "id": "[resourceId('Microsoft.Network/virtualNetworks', parameters('virtualNetworks_bastionvnet_name'))]"
                },
                "allowVirtualNetworkAccess": true,
                "allowForwardedTraffic": true,
                "allowGatewayTransit": false,
                "useRemoteGateways": false,
                "remoteAddressSpace": {
                    "addressPrefixes": [
                        "10.0.0.0/16"
                    ]
                }
            }
        },
        {
            "type": "Microsoft.Network/virtualNetworks/virtualNetworkPeerings",
            "apiVersion": "2020-11-01",
            "name": "[concat(parameters('virtualNetworks_vnet2_name'), '/from', parameters('virtualNetworks_vnet2_name'))]",
            "dependsOn": [
                "[resourceId('Microsoft.Network/virtualNetworks', parameters('virtualNetworks_vnet2_name'))]",
                "[resourceId('Microsoft.Network/virtualNetworks', parameters('virtualNetworks_bastionvnet_name'))]"
            ],
            "properties": {
                "peeringState": "Connected",
                "remoteVirtualNetwork": {
                    "id": "[resourceId('Microsoft.Network/virtualNetworks', parameters('virtualNetworks_bastionvnet_name'))]"
                },
                "allowVirtualNetworkAccess": true,
                "allowForwardedTraffic": true,
                "allowGatewayTransit": false,
                "useRemoteGateways": false,
                "remoteAddressSpace": {
                    "addressPrefixes": [
                        "10.0.0.0/16"
                    ]
                }
            }
        },
        {
            "type": "Microsoft.Network/virtualNetworks/virtualNetworkPeerings",
            "apiVersion": "2020-11-01",
            "name": "[concat(parameters('virtualNetworks_bastionvnet_name'), '/todns')]",
            "dependsOn": [
                "[resourceId('Microsoft.Network/virtualNetworks', parameters('virtualNetworks_bastionvnet_name'))]",
                "[resourceId('Microsoft.Network/virtualNetworks', parameters('virtualNetworks_dnsvnet_name'))]"
            ],
            "properties": {
                "peeringState": "Connected",
                "remoteVirtualNetwork": {
                    "id": "[resourceId('Microsoft.Network/virtualNetworks', parameters('virtualNetworks_dnsvnet_name'))]"
                },
                "allowVirtualNetworkAccess": true,
                "allowForwardedTraffic": true,
                "allowGatewayTransit": false,
                "useRemoteGateways": false,
                "remoteAddressSpace": {
                    "addressPrefixes": [
                        "192.168.0.0/16"
                    ]
                }
            }
        },
        {
            "type": "Microsoft.Network/virtualNetworks/virtualNetworkPeerings",
            "apiVersion": "2020-11-01",
            "name": "[concat(parameters('virtualNetworks_bastionvnet_name'), '/tovnet1')]",
            "dependsOn": [
                "[resourceId('Microsoft.Network/virtualNetworks', parameters('virtualNetworks_bastionvnet_name'))]",
                "[resourceId('Microsoft.Network/virtualNetworks', parameters('virtualNetworks_vnet1_name'))]"
            ],
            "properties": {
                "peeringState": "Connected",
                "remoteVirtualNetwork": {
                    "id": "[resourceId('Microsoft.Network/virtualNetworks', parameters('virtualNetworks_vnet1_name'))]"
                },
                "allowVirtualNetworkAccess": true,
                "allowForwardedTraffic": true,
                "allowGatewayTransit": false,
                "useRemoteGateways": false,
                "remoteAddressSpace": {
                    "addressPrefixes": [
                        "172.16.1.0/24"
                    ]
                }
            }
        },
        {
            "type": "Microsoft.Network/virtualNetworks/virtualNetworkPeerings",
            "apiVersion": "2020-11-01",
            "name": "[concat(parameters('virtualNetworks_bastionvnet_name'), '/tovnet2')]",
            "dependsOn": [
                "[resourceId('Microsoft.Network/virtualNetworks', parameters('virtualNetworks_bastionvnet_name'))]",
                "[resourceId('Microsoft.Network/virtualNetworks', parameters('virtualNetworks_vnet2_name'))]"
            ],
            "properties": {
                "peeringState": "Connected",
                "remoteVirtualNetwork": {
                    "id": "[resourceId('Microsoft.Network/virtualNetworks', parameters('virtualNetworks_vnet2_name'))]"
                },
                "allowVirtualNetworkAccess": true,
                "allowForwardedTraffic": true,
                "allowGatewayTransit": false,
                "useRemoteGateways": false,
                "remoteAddressSpace": {
                    "addressPrefixes": [
                        "172.16.2.0/24"
                    ]
                }
            }
        },
        {
            "type": "Microsoft.Network/virtualNetworks",
            "apiVersion": "2020-11-01",
            "name": "[parameters('virtualNetworks_bastionvnet_name')]",
            "location": "uksouth",
            "dependsOn": [
                "[resourceId('Microsoft.Network/networkSecurityGroups', parameters('networkSecurityGroups_bastionvnet_default_nsg_uksouth_name'))]",
                "[resourceId('Microsoft.Network/networkSecurityGroups', parameters('networkSecurityGroups_bastionvnet_AzureBastionSubnet_nsg_uksouth_name'))]",
                "[resourceId('Microsoft.Network/virtualNetworks', parameters('virtualNetworks_vnet1_name'))]",
                "[resourceId('Microsoft.Network/virtualNetworks', parameters('virtualNetworks_dnsvnet_name'))]",
                "[resourceId('Microsoft.Network/virtualNetworks', parameters('virtualNetworks_vnet2_name'))]"
            ],
            "properties": {
                "addressSpace": {
                    "addressPrefixes": [
                        "10.0.0.0/16"
                    ]
                },
                "dhcpOptions": {
                    "dnsServers": []
                },
                "subnets": [
                    {
                        "name": "default",
                        "properties": {
                            "addressPrefix": "10.0.0.0/24",
                            "networkSecurityGroup": {
                                "id": "[resourceId('Microsoft.Network/networkSecurityGroups', parameters('networkSecurityGroups_bastionvnet_default_nsg_uksouth_name'))]"
                            },
                            "serviceEndpoints": [],
                            "delegations": [],
                            "privateEndpointNetworkPolicies": "Disabled",
                            "privateLinkServiceNetworkPolicies": "Enabled"
                        }
                    },
                    {
                        "name": "AzureBastionSubnet",
                        "properties": {
                            "addressPrefix": "10.0.1.0/24",
                            "networkSecurityGroup": {
                                "id": "[resourceId('Microsoft.Network/networkSecurityGroups', parameters('networkSecurityGroups_bastionvnet_AzureBastionSubnet_nsg_uksouth_name'))]"
                            },
                            "serviceEndpoints": [],
                            "delegations": [],
                            "privateEndpointNetworkPolicies": "Disabled",
                            "privateLinkServiceNetworkPolicies": "Enabled"
                        }
                    }
                ],
                "virtualNetworkPeerings": [
                    {
                        "name": "tovnet1",
                        "properties": {
                            "peeringState": "Connected",
                            "remoteVirtualNetwork": {
                                "id": "[resourceId('Microsoft.Network/virtualNetworks', parameters('virtualNetworks_vnet1_name'))]"
                            },
                            "allowVirtualNetworkAccess": true,
                            "allowForwardedTraffic": true,
                            "allowGatewayTransit": false,
                            "useRemoteGateways": false,
                            "remoteAddressSpace": {
                                "addressPrefixes": [
                                    "172.16.1.0/24"
                                ]
                            }
                        }
                    },
                    {
                        "name": "todns",
                        "properties": {
                            "peeringState": "Connected",
                            "remoteVirtualNetwork": {
                                "id": "[resourceId('Microsoft.Network/virtualNetworks', parameters('virtualNetworks_dnsvnet_name'))]"
                            },
                            "allowVirtualNetworkAccess": true,
                            "allowForwardedTraffic": true,
                            "allowGatewayTransit": false,
                            "useRemoteGateways": false,
                            "remoteAddressSpace": {
                                "addressPrefixes": [
                                    "192.168.0.0/16"
                                ]
                            }
                        }
                    },
                    {
                        "name": "tovnet2",
                        "properties": {
                            "peeringState": "Connected",
                            "remoteVirtualNetwork": {
                                "id": "[resourceId('Microsoft.Network/virtualNetworks', parameters('virtualNetworks_vnet2_name'))]"
                            },
                            "allowVirtualNetworkAccess": true,
                            "allowForwardedTraffic": true,
                            "allowGatewayTransit": false,
                            "useRemoteGateways": false,
                            "remoteAddressSpace": {
                                "addressPrefixes": [
                                    "172.16.2.0/24"
                                ]
                            }
                        }
                    }
                ],
                "enableDdosProtection": false
            }
        },
        {
            "type": "Microsoft.Network/virtualNetworks",
            "apiVersion": "2020-11-01",
            "name": "[parameters('virtualNetworks_dnsvnet_name')]",
            "location": "uksouth",
            "dependsOn": [
                "[resourceId('Microsoft.Network/networkSecurityGroups', parameters('networkSecurityGroups_dnsvnet_vmsubnet_nsg_uksouth_name'))]",
                "[resourceId('Microsoft.Network/networkSecurityGroups', parameters('networkSecurityGroups_dnsvnet_AzureBastionSubnet_nsg_uksouth_name'))]",
                "[resourceId('Microsoft.Network/networkSecurityGroups', parameters('networkSecurityGroups_dnsvnet_dnsinboundsubnet_nsg_uksouth_name'))]",
                "[resourceId('Microsoft.Network/networkSecurityGroups', parameters('networkSecurityGroups_dnsvnet_dsnoutboundsubnet_nsg_uksouth_name'))]",
                "[resourceId('Microsoft.Network/virtualNetworks', parameters('virtualNetworks_bastionvnet_name'))]"
            ],
            "properties": {
                "addressSpace": {
                    "addressPrefixes": [
                        "192.168.0.0/16"
                    ]
                },
                "dhcpOptions": {
                    "dnsServers": []
                },
                "subnets": [
                    {
                        "name": "vmsubnet",
                        "properties": {
                            "addressPrefix": "192.168.0.128/25",
                            "networkSecurityGroup": {
                                "id": "[resourceId('Microsoft.Network/networkSecurityGroups', parameters('networkSecurityGroups_dnsvnet_vmsubnet_nsg_uksouth_name'))]"
                            },
                            "serviceEndpoints": [],
                            "delegations": [],
                            "privateEndpointNetworkPolicies": "Disabled",
                            "privateLinkServiceNetworkPolicies": "Enabled"
                        }
                    },
                    {
                        "name": "AzureBastionSubnet",
                        "properties": {
                            "addressPrefix": "192.168.1.64/26",
                            "networkSecurityGroup": {
                                "id": "[resourceId('Microsoft.Network/networkSecurityGroups', parameters('networkSecurityGroups_dnsvnet_AzureBastionSubnet_nsg_uksouth_name'))]"
                            },
                            "serviceEndpoints": [],
                            "delegations": [],
                            "privateEndpointNetworkPolicies": "Disabled",
                            "privateLinkServiceNetworkPolicies": "Enabled"
                        }
                    },
                    {
                        "name": "dnsinboundsubnet",
                        "properties": {
                            "addressPrefix": "192.168.1.16/28",
                            "networkSecurityGroup": {
                                "id": "[resourceId('Microsoft.Network/networkSecurityGroups', parameters('networkSecurityGroups_dnsvnet_dnsinboundsubnet_nsg_uksouth_name'))]"
                            },
                            "serviceEndpoints": [],
                            "delegations": [
                                {
                                    "name": "Microsoft.Network.dnsResolvers",
                                    "properties": {
                                        "serviceName": "Microsoft.Network/dnsResolvers"
                                    }
                                }
                            ],
                            "privateEndpointNetworkPolicies": "Disabled",
                            "privateLinkServiceNetworkPolicies": "Enabled"
                        }
                    },
                    {
                        "name": "dsnoutboundsubnet",
                        "properties": {
                            "addressPrefix": "192.168.1.0/28",
                            "networkSecurityGroup": {
                                "id": "[resourceId('Microsoft.Network/networkSecurityGroups', parameters('networkSecurityGroups_dnsvnet_dsnoutboundsubnet_nsg_uksouth_name'))]"
                            },
                            "serviceEndpoints": [],
                            "delegations": [
                                {
                                    "name": "Microsoft.Network.dnsResolvers",
                                    "properties": {
                                        "serviceName": "Microsoft.Network/dnsResolvers"
                                    }
                                }
                            ],
                            "privateEndpointNetworkPolicies": "Disabled",
                            "privateLinkServiceNetworkPolicies": "Enabled"
                        }
                    }
                ],
                "virtualNetworkPeerings": [
                    {
                        "name": "fromdns",
                        "properties": {
                            "peeringState": "Connected",
                            "remoteVirtualNetwork": {
                                "id": "[resourceId('Microsoft.Network/virtualNetworks', parameters('virtualNetworks_bastionvnet_name'))]"
                            },
                            "allowVirtualNetworkAccess": true,
                            "allowForwardedTraffic": true,
                            "allowGatewayTransit": false,
                            "useRemoteGateways": false,
                            "remoteAddressSpace": {
                                "addressPrefixes": [
                                    "10.0.0.0/16"
                                ]
                            }
                        }
                    }
                ],
                "enableDdosProtection": false
            }
        }
    ]
}